___tafa,#ndx_tafa,year
___tafa,#ndx_tafa,tax_district_id
___tafa,#ndx_tafa,levy_cd
___tafa,#ndx_tafa,tax_area_id
___taxarea,ix_tmp,transaction_id
___tmpctz,#ndx_tmpctz,trans_group_id
__AAPARCEL_,FDO_Shape,Shape
_APARCEL,FDO_Shape,Shape
_arb_event,idx_lPropID,lPropID
_arb_inquiry,idx_associated_protest,associated_protest
_arb_letter_history,idx_lPropValYr_lCaseID_szARBType,lPropValYr
_arb_letter_history,idx_lPropValYr_lCaseID_szARBType,lCaseID
_arb_letter_history,idx_lPropValYr_lCaseID_szARBType,szARBType
_arb_protest,idx_case_id_prop_val_yr,case_id
_arb_protest,idx_case_id_prop_val_yr,prop_val_yr
_arb_protest,idx_docket_id,docket_id
_arb_protest,idx_prot_appr_docket_id,prot_appr_docket_id
_arb_protest_hearing_docket,idx_docket_start_date_time,docket_start_date_time
_arb_protest_reason,idx_reason_cd,reason_cd
_arb_rpt_protest_sign_in_list,idx_pacs_user_id_prop_id_prop_val_yr_case_id,pacs_user_id
_arb_rpt_protest_sign_in_list,idx_pacs_user_id_prop_id_prop_val_yr_case_id,prop_id
_arb_rpt_protest_sign_in_list,idx_pacs_user_id_prop_id_prop_val_yr_case_id,prop_val_yr
_arb_rpt_protest_sign_in_list,idx_pacs_user_id_prop_id_prop_val_yr_case_id,case_id
_PARCEL_,FDO_Shape,Shape
abs_subdv,idx_abs_subdv_desc_abs_subdv_yr,abs_subdv_desc
abs_subdv,idx_abs_subdv_desc_abs_subdv_yr,abs_subdv_yr
account,idx_confidential_file_as_name,confidential_file_as_name
account,idx_file_as_name,file_as_name
account,idx_file_as_name_acct_id_confidential_file_as_name,file_as_name
account,idx_file_as_name_acct_id_confidential_file_as_name,acct_id
account,idx_file_as_name_acct_id_confidential_file_as_name,confidential_file_as_name
account,idx_file_as_name_ref_id1,file_as_name
account,idx_file_as_name_ref_id1,ref_id1
account,idx_ref_id1,ref_id1
Activity,idx_QualifiedName,QualifiedName
Activity,idx_WorkflowTypeId,WorkflowTypeId
ActivityExecutionStatusEvent,idx_WorkflowInstanceInternalId,WorkflowInstanceInternalId
ActivityInstance,idx_WorkflowInstanceInternalId,WorkflowInstanceInternalId
ActivityInstance,idx_WorkflowInstanceInternalId_QualifiedName_ContextGuid_ParentContextGuid,WorkflowInstanceInternalId
ActivityInstance,idx_WorkflowInstanceInternalId_QualifiedName_ContextGuid_ParentContextGuid,QualifiedName
ActivityInstance,idx_WorkflowInstanceInternalId_QualifiedName_ContextGuid_ParentContextGuid,ContextGuid
ActivityInstance,idx_WorkflowInstanceInternalId_QualifiedName_ContextGuid_ParentContextGuid,ParentContextGuid
AddedActivity,idx_WorkflowInstanceEventId,WorkflowInstanceEventId
AddedActivity,idx_WorkflowInstanceInternalId,WorkflowInstanceInternalId
address,idx_acct_id_primary_addr,acct_id
address,idx_acct_id_primary_addr,primary_addr
ag_rollback_entity,idx_ag_rollbk_id_prop_id,ag_rollbk_id
ag_rollback_entity,idx_ag_rollbk_id_prop_id,prop_id
ag_rollback_entity,idx_entity_id,entity_id
ag_rollback_year,idx_ag_rollbk_id_prop_id,ag_rollbk_id
ag_rollback_year,idx_ag_rollbk_id_prop_id,prop_id
agent,idx_arb_docket_id,arb_docket_id
agent_assoc,idx_agent_id,agent_id
agent_assoc,idx_prop_id,prop_id
annexation_property_assoc,idx_year_prop_id,year
annexation_property_assoc,idx_year_prop_id,prop_id
appr_notice_prop_list,idx_prop_id,prop_id
appr_notice_prop_list_bill,idx_notice_yr_notice_num_prop_id_sup_yr_sup_num_owner_id_entity_id,notice_yr
appr_notice_prop_list_bill,idx_notice_yr_notice_num_prop_id_sup_yr_sup_num_owner_id_entity_id,notice_num
appr_notice_prop_list_bill,idx_notice_yr_notice_num_prop_id_sup_yr_sup_num_owner_id_entity_id,prop_id
appr_notice_prop_list_bill,idx_notice_yr_notice_num_prop_id_sup_yr_sup_num_owner_id_entity_id,sup_num
appr_notice_prop_list_bill,idx_notice_yr_notice_num_prop_id_sup_yr_sup_num_owner_id_entity_id,sup_yr
appr_notice_prop_list_bill,idx_notice_yr_notice_num_prop_id_sup_yr_sup_num_owner_id_entity_id,owner_id
appr_notice_prop_list_bill,idx_notice_yr_notice_num_prop_id_sup_yr_sup_num_owner_id_entity_id,entity_id
appr_notice_prop_list_shared_cad,idx_notice_yr_notice_num_prop_id_sup_num_sup_yr_owner_id_CAD_code,notice_yr
appr_notice_prop_list_shared_cad,idx_notice_yr_notice_num_prop_id_sup_num_sup_yr_owner_id_CAD_code,notice_num
appr_notice_prop_list_shared_cad,idx_notice_yr_notice_num_prop_id_sup_num_sup_yr_owner_id_CAD_code,prop_id
appr_notice_prop_list_shared_cad,idx_notice_yr_notice_num_prop_id_sup_num_sup_yr_owner_id_CAD_code,owner_id
appr_notice_prop_list_shared_cad,idx_notice_yr_notice_num_prop_id_sup_num_sup_yr_owner_id_CAD_code,sup_num
appr_notice_prop_list_shared_cad,idx_notice_yr_notice_num_prop_id_sup_num_sup_yr_owner_id_CAD_code,sup_yr
appr_notice_prop_list_shared_cad,idx_notice_yr_notice_num_prop_id_sup_num_sup_yr_owner_id_CAD_code,CAD_code
appraiser,idx_appraiser_nm,appraiser_nm
arb_assoc,idx_arb_inq_id,arb_inq_id
arb_assoc,idx_prop_id,prop_id
arb_meeting,idx_arb_inq_id,arb_inq_id
arb_meeting,idx_arb_mtg_type_cd,arb_mtg_type_cd
arb_mtg_attendee,idx_arb_mtg_id_arb_inq_id,arb_mtg_id
arb_mtg_attendee,idx_arb_mtg_id_arb_inq_id,arb_inq_id
arbitration_case_assoc,idx_prop_id,prop_id
bill,idx_bill_owner_id,owner_id
bill,idx_is_overpaid_prop_id,is_overpaid
bill,idx_is_overpaid_prop_id,prop_id
bill,idx_is_overpaid_prop_id,bill_id
bill,idx_is_overpaid_prop_id,year
bill,idx_is_overpaid_prop_id,owner_id
bill,idx_payment_group_id,payment_group_id
bill,idx_prop_id_year_effective_due_date_current_amount_due_amount_paid,prop_id
bill,idx_prop_id_year_effective_due_date_current_amount_due_amount_paid,year
bill,idx_prop_id_year_effective_due_date_current_amount_due_amount_paid,effective_due_date
bill,idx_prop_id_year_effective_due_date_current_amount_due_amount_paid,current_amount_due
bill,idx_prop_id_year_effective_due_date_current_amount_due_amount_paid,amount_paid
bill,idx_rollback_id,rollback_id
bill,idx_year_statement_id,year
bill,idx_year_statement_id,statement_id
bill_adjustment,IDX_bill_adjustment_transaction_id,transaction_id
bill_adjustment,idx_bill_id_bill_adj_id,bill_id
bill_adjustment,idx_bill_id_bill_adj_id,bill_adj_id
bill_adjustment,idx_bill_id_bill_adj_id,modify_cd
bill_fee_assoc,idx_fee_id,fee_id
building_permit,idx_bldg_permit_city,bldg_permit_city
building_permit,idx_bldg_permit_import_dt,bldg_permit_import_dt
building_permit,idx_bldg_permit_issue_dt,bldg_permit_issue_dt
building_permit,idx_bldg_permit_num,bldg_permit_num
building_permit,idx_bldg_permit_status,bldg_permit_status
building_permit,idx_bldg_permit_street_name,bldg_permit_street_name
building_permit,idx_bldg_permit_sub_type_cd,bldg_permit_sub_type_cd
building_permit,idx_bldg_permit_type_cd,bldg_permit_type_cd
buyer_assoc,idx_buyer_id,buyer_id
ccCheckSum_abs_subdv_old,idx_PK,prop_id
ccCheckSum_abs_subdv_old,idx_PK,abs_subdv_cd
ccCheckSum_abs_subdv_old,idx_PK,abs_subdv_yr
ccCheckSum_account_old,idx_PK,prop_id
ccCheckSum_account_old,idx_PK,acct_id
ccCheckSum_address_old,idx_PK,prop_id
ccCheckSum_address_old,idx_PK,acct_id
ccCheckSum_address_old,idx_PK,addr_type_cd
ccCheckSum_building_permit_old,idx_PK,prop_id
ccCheckSum_building_permit_old,idx_PK,bldg_permit_id
ccCheckSum_ccProperty_old,idx_PK,prop_id
ccCheckSum_ccProperty_old,idx_PK,prop_val_yr
ccCheckSum_ccProperty_old,idx_PK,sup_num
ccCheckSum_chg_of_owner_old,idx_PK,prop_id
ccCheckSum_chg_of_owner_old,idx_PK,chg_of_owner_id
ccCheckSum_chg_of_owner_prop_assoc_old,idx_PK,chg_of_owner_id
ccCheckSum_chg_of_owner_prop_assoc_old,idx_PK,prop_id
ccCheckSum_Compare_RunInfo,idx_start_time,start_time
ccCheckSum_imprv_adj_old,idx_PK,prop_val_yr
ccCheckSum_imprv_adj_old,idx_PK,sup_num
ccCheckSum_imprv_adj_old,idx_PK,sale_id
ccCheckSum_imprv_adj_old,idx_PK,prop_id
ccCheckSum_imprv_adj_old,idx_PK,imprv_id
ccCheckSum_imprv_adj_old,idx_PK,imprv_adj_seq
ccCheckSum_imprv_adj_type_old,idx_PK,prop_id
ccCheckSum_imprv_adj_type_old,idx_PK,imprv_adj_type_year
ccCheckSum_imprv_adj_type_old,idx_PK,imprv_adj_type_cd
ccCheckSum_imprv_attr_old,idx_PK,prop_val_yr
ccCheckSum_imprv_attr_old,idx_PK,sup_num
ccCheckSum_imprv_attr_old,idx_PK,sale_id
ccCheckSum_imprv_attr_old,idx_PK,prop_id
ccCheckSum_imprv_attr_old,idx_PK,imprv_id
ccCheckSum_imprv_attr_old,idx_PK,imprv_det_id
ccCheckSum_imprv_attr_old,idx_PK,imprv_attr_id
ccCheckSum_imprv_attr_old,idx_PK,i_attr_val_id
ccCheckSum_imprv_det_adj_old,idx_PK,prop_val_yr
ccCheckSum_imprv_det_adj_old,idx_PK,sup_num
ccCheckSum_imprv_det_adj_old,idx_PK,sale_id
ccCheckSum_imprv_det_adj_old,idx_PK,prop_id
ccCheckSum_imprv_det_adj_old,idx_PK,imprv_id
ccCheckSum_imprv_det_adj_old,idx_PK,imprv_det_id
ccCheckSum_imprv_det_adj_old,idx_PK,imprv_det_adj_seq
ccCheckSum_imprv_detail_cms_addition_old,idx_PK,prop_val_yr
ccCheckSum_imprv_detail_cms_addition_old,idx_PK,sup_num
ccCheckSum_imprv_detail_cms_addition_old,idx_PK,sale_id
ccCheckSum_imprv_detail_cms_addition_old,idx_PK,prop_id
ccCheckSum_imprv_detail_cms_addition_old,idx_PK,imprv_id
ccCheckSum_imprv_detail_cms_addition_old,idx_PK,imprv_det_id
ccCheckSum_imprv_detail_cms_addition_old,idx_PK,section_id
ccCheckSum_imprv_detail_cms_addition_old,idx_PK,addition_id
ccCheckSum_imprv_detail_cms_component_old,idx_PK,prop_val_yr
ccCheckSum_imprv_detail_cms_component_old,idx_PK,sup_num
ccCheckSum_imprv_detail_cms_component_old,idx_PK,sale_id
ccCheckSum_imprv_detail_cms_component_old,idx_PK,prop_id
ccCheckSum_imprv_detail_cms_component_old,idx_PK,imprv_id
ccCheckSum_imprv_detail_cms_component_old,idx_PK,imprv_det_id
ccCheckSum_imprv_detail_cms_component_old,idx_PK,section_id
ccCheckSum_imprv_detail_cms_component_old,idx_PK,component_id
ccCheckSum_imprv_detail_cms_estimate_old,idx_PK,prop_val_yr
ccCheckSum_imprv_detail_cms_estimate_old,idx_PK,sup_num
ccCheckSum_imprv_detail_cms_estimate_old,idx_PK,sale_id
ccCheckSum_imprv_detail_cms_estimate_old,idx_PK,prop_id
ccCheckSum_imprv_detail_cms_estimate_old,idx_PK,imprv_id
ccCheckSum_imprv_detail_cms_estimate_old,idx_PK,imprv_det_id
ccCheckSum_imprv_detail_cms_occupancy_old,idx_PK,prop_val_yr
ccCheckSum_imprv_detail_cms_occupancy_old,idx_PK,sup_num
ccCheckSum_imprv_detail_cms_occupancy_old,idx_PK,sale_id
ccCheckSum_imprv_detail_cms_occupancy_old,idx_PK,prop_id
ccCheckSum_imprv_detail_cms_occupancy_old,idx_PK,imprv_id
ccCheckSum_imprv_detail_cms_occupancy_old,idx_PK,imprv_det_id
ccCheckSum_imprv_detail_cms_occupancy_old,idx_PK,section_id
ccCheckSum_imprv_detail_cms_occupancy_old,idx_PK,occupancy_id
ccCheckSum_imprv_detail_cms_section_old,idx_PK,prop_val_yr
ccCheckSum_imprv_detail_cms_section_old,idx_PK,sup_num
ccCheckSum_imprv_detail_cms_section_old,idx_PK,sale_id
ccCheckSum_imprv_detail_cms_section_old,idx_PK,prop_id
ccCheckSum_imprv_detail_cms_section_old,idx_PK,imprv_id
ccCheckSum_imprv_detail_cms_section_old,idx_PK,imprv_det_id
ccCheckSum_imprv_detail_cms_section_old,idx_PK,section_id
ccCheckSum_imprv_detail_old,idx_PK,prop_val_yr
ccCheckSum_imprv_detail_old,idx_PK,sup_num
ccCheckSum_imprv_detail_old,idx_PK,sale_id
ccCheckSum_imprv_detail_old,idx_PK,prop_id
ccCheckSum_imprv_detail_old,idx_PK,imprv_id
ccCheckSum_imprv_detail_old,idx_PK,imprv_det_id
ccCheckSum_Imprv_old,idx_PK,prop_val_yr
ccCheckSum_Imprv_old,idx_PK,sup_num
ccCheckSum_Imprv_old,idx_PK,sale_id
ccCheckSum_Imprv_old,idx_PK,prop_id
ccCheckSum_Imprv_old,idx_PK,imprv_id
ccCheckSum_imprv_sketch_note_old,idx_PK,prop_val_yr
ccCheckSum_imprv_sketch_note_old,idx_PK,sup_num
ccCheckSum_imprv_sketch_note_old,idx_PK,sale_id
ccCheckSum_imprv_sketch_note_old,idx_PK,prop_id
ccCheckSum_imprv_sketch_note_old,idx_PK,imprv_id
ccCheckSum_imprv_sketch_note_old,idx_PK,seq_num
ccCheckSum_imprv_sketch_old,idx_PK,prop_val_yr
ccCheckSum_imprv_sketch_old,idx_PK,sup_num
ccCheckSum_imprv_sketch_old,idx_PK,sale_id
ccCheckSum_imprv_sketch_old,idx_PK,prop_id
ccCheckSum_imprv_sketch_old,idx_PK,imprv_id
ccCheckSum_land_adj_old,idx_PK,prop_val_yr
ccCheckSum_land_adj_old,idx_PK,sup_num
ccCheckSum_land_adj_old,idx_PK,sale_id
ccCheckSum_land_adj_old,idx_PK,prop_id
ccCheckSum_land_adj_old,idx_PK,land_seg_id
ccCheckSum_land_adj_old,idx_PK,land_seg_adj_seq
ccCheckSum_land_detail_characteristic_old,idx_PK,prop_val_yr
ccCheckSum_land_detail_characteristic_old,idx_PK,sup_num
ccCheckSum_land_detail_characteristic_old,idx_PK,sale_id
ccCheckSum_land_detail_characteristic_old,idx_PK,prop_id
ccCheckSum_land_detail_characteristic_old,idx_PK,land_seg_id
ccCheckSum_land_detail_characteristic_old,idx_PK,characteristic_cd
ccCheckSum_land_detail_characteristic_old,idx_PK,determinant_cd
ccCheckSum_land_detail_old,idx_PK,prop_val_yr
ccCheckSum_land_detail_old,idx_PK,sup_num
ccCheckSum_land_detail_old,idx_PK,sale_id
ccCheckSum_land_detail_old,idx_PK,prop_id
ccCheckSum_land_detail_old,idx_PK,land_seg_id
ccCheckSum_main_image_old,idx_PK,prop_val_yr
ccCheckSum_main_image_old,idx_PK,sup_num
ccCheckSum_main_image_old,idx_PK,prop_id
ccCheckSum_neighborhood_old,idx_PK,prop_id
ccCheckSum_neighborhood_old,idx_PK,hood_cd
ccCheckSum_neighborhood_old,idx_PK,hood_yr
ccCheckSum_owner_old,idx_PK,owner_tax_yr
ccCheckSum_owner_old,idx_PK,sup_num
ccCheckSum_owner_old,idx_PK,prop_id
ccCheckSum_owner_old,idx_PK,owner_id
ccCheckSum_pacs_user_old,idx_PK,pacs_user_id
ccCheckSum_prop_building_permit_assoc_old,idx_PK,prop_id
ccCheckSum_prop_building_permit_assoc_old,idx_PK,bldg_permit_id
ccCheckSum_prop_characteristic_assoc_old,idx_PK,prop_val_yr
ccCheckSum_prop_characteristic_assoc_old,idx_PK,sup_num
ccCheckSum_prop_characteristic_assoc_old,idx_PK,sale_id
ccCheckSum_prop_characteristic_assoc_old,idx_PK,prop_id
ccCheckSum_prop_characteristic_assoc_old,idx_PK,characteristic_cd
ccCheckSum_prop_characteristic_assoc_old,idx_PK,attribute_cd
ccCheckSum_prop_event_assoc_old,idx_PK,prop_id
ccCheckSum_prop_event_assoc_old,idx_PK,event_id
ccCheckSum_prop_group_assoc_old,idx_PK,prop_id
ccCheckSum_prop_group_assoc_old,idx_PK,prop_group_cd
ccCheckSum_property_assoc_old,idx_PK,prop_val_yr
ccCheckSum_property_assoc_old,idx_PK,sup_num
ccCheckSum_property_assoc_old,idx_PK,parent_prop_id
ccCheckSum_property_assoc_old,idx_PK,child_prop_id
ccCheckSum_property_exemption_old,idx_PK,exmpt_tax_yr
ccCheckSum_property_exemption_old,idx_PK,owner_tax_yr
ccCheckSum_property_exemption_old,idx_PK,sup_num
ccCheckSum_property_exemption_old,idx_PK,prop_id
ccCheckSum_property_exemption_old,idx_PK,owner_id
ccCheckSum_property_exemption_old,idx_PK,exmpt_type_cd
ccCheckSum_property_land_misc_code_old,idx_PK,prop_val_yr
ccCheckSum_property_land_misc_code_old,idx_PK,sup_num
ccCheckSum_property_land_misc_code_old,idx_PK,sale_id
ccCheckSum_property_land_misc_code_old,idx_PK,prop_id
ccCheckSum_property_land_misc_code_old,idx_PK,misc_id
ccCheckSum_Property_old,idx_PK,prop_id
ccCheckSum_property_profile_old,idx_PK,prop_val_yr
ccCheckSum_property_profile_old,idx_PK,prop_id
ccCheckSum_property_sketch_old,idx_PK,prop_id
ccCheckSum_property_sketch_old,idx_PK,prop_val_yr
ccCheckSum_property_sketch_old,idx_PK,sup_num
ccCheckSum_property_val_old,idx_PK,prop_val_yr
ccCheckSum_property_val_old,idx_PK,sup_num
ccCheckSum_property_val_old,idx_PK,prop_id
ccCheckSum_sale_old,idx_PK,prop_id
ccCheckSum_sale_old,idx_PK,chg_of_owner_id
ccCheckSum_seller_assoc_old,idx_PK,chg_of_owner_id
ccCheckSum_seller_assoc_old,idx_PK,prop_id
ccCheckSum_seller_assoc_old,idx_PK,seller_id
ccCheckSum_situs_old,idx_PK,prop_id
ccCheckSum_situs_old,idx_PK,situs_id
ccCheckSum_subset_old,idx_PK,prop_id
ccCheckSum_subset_old,idx_PK,subset_code
ccCheckSum_wash_prop_owner_val_old,idx_PK,year
ccCheckSum_wash_prop_owner_val_old,idx_PK,sup_num
ccCheckSum_wash_prop_owner_val_old,idx_PK,prop_id
ccCheckSum_wash_prop_owner_val_old,idx_PK,owner_id
change_log_keys,idx_lKeyValue_iColumnID_lChangeID,lKeyValue
change_log_keys,idx_lKeyValue_iColumnID_lChangeID,iColumnID
change_log_keys,idx_lKeyValue_iColumnID_lChangeID,lChangeID
chg_log_columns,idx_chg_log_columns,chg_log_columns
chg_log_columns,idx_chg_log_description,chg_log_description
chg_of_owner,idx_deed_type_cd,deed_type_cd
chg_of_owner,idx_excise_number,excise_number
chg_of_owner,idx_ref_id1,ref_id1
chg_of_owner_prop_assoc,idx_prop_id,prop_id
chg_of_owner_prop_assoc,idx_seq_num,seq_num
coll_transaction,idx_batch_id_transaction_id_trans_group_id,batch_id
coll_transaction,idx_batch_id_transaction_id_trans_group_id,transaction_id
coll_transaction,idx_batch_id_transaction_id_trans_group_id,trans_group_id
coll_transaction,idx_trans_group_id_create_date_transaction_type,trans_group_id
coll_transaction,idx_trans_group_id_create_date_transaction_type,create_date
coll_transaction,idx_trans_group_id_create_date_transaction_type,transaction_type
coll_transaction,idx_trans_group_id_create_date_transaction_type,transaction_id
coll_transaction,idx_trans_group_id_transaction_date,trans_group_id
coll_transaction,idx_trans_group_id_transaction_date,transaction_date
coll_transaction,idx_transaction_create_date,create_date
comp_sales_display_grid,idx_lPacsUserID_cDefault,lPacsUserID
comp_sales_display_grid,idx_lPacsUserID_cDefault,cDefault
comp_sales_display_grid,idx_lPacsUserID_szGridName,lPacsUserID
comp_sales_display_grid,idx_lPacsUserID_szGridName,szGridName
comp_sales_display_grid_fields,idx_cAdjustment,cAdjustment
comp_sales_display_grid_layout,idx_lGridID,lGridID
comp_sales_property,idx_lPropGridID_lCompPropID,lPropGridID
comp_sales_property,idx_lPropGridID_lCompPropID,lCompPropID
comp_sales_property_adj,idx_lPropGridID_lCompPropID,lPropGridID
comp_sales_property_adj,idx_lPropGridID_lCompPropID,lCompPropID
comp_sales_property_grids,idx_lGridID,lGridID
comp_sales_property_grids,idx_lSubjectPropID,lSubjectPropID
comp_sales_temp_property,idx_lTempPropGridID,lTempPropGridID
comp_sales_temp_property_adj,idx_lTempPropGridID,lTempPropGridID
comparable_grid_live_data,idx_lTempPropGridID,lTempPropGridID
comparable_grid_prop_year_comptype,idx_lMarketValPropGridID,lMarketValPropGridID
comparable_grid_prop_year_comptype,idx_lPropGridID,lPropGridID
comparable_grid_static_data,idx_lPropGridID,lPropGridID
comparable_grid_subject,idx_lSecondarySubjectPropID,lSecondarySubjectPropID
CompletedScope,idx_completedScopeID,completedScopeID
CompletedScope,idx_uidInstanceID,uidInstanceID
current_activity_log_history,ix_current_activity_log_history_execution_time,execution_time
daily_batch_prop_assoc,idx_prop_id,prop_id
delq_notice,idx_pacs_user_id_status,pacs_user_id
delq_notice,idx_pacs_user_id_status,status
delq_roll_bill,idx_bill_id,bill_id
depreciation,idx_prop_type_cd,prop_type_cd
depreciation_detail,idx_prop_type_cd,prop_type_cd
distribution_transaction_list,idx_dataset_id_segment_id,dataset_id
distribution_transaction_list,idx_dataset_id_segment_id,segment_id
entity,idx_entity_type_cd,entity_type_cd
entity,idx_taxing_unit_num,taxing_unit_num
entity_attorney,idx_entity_attorney_id,entity_attorney_id
entity_exmpt,idx_exmpt_type_cd,exmpt_type_cd
entity_prop_assoc,idx_prop_id,prop_id
escrow,idx_prop_id,prop_id
event,idx_ref_evt_type,ref_evt_type
event,idx_ref_id1_ref_year_ref_num,ref_id1
event,idx_ref_id1_ref_year_ref_num,ref_year
event,idx_ref_id1_ref_year_ref_num,ref_num
event,idx_ref_id3_event_type_system_type,ref_id3
event,idx_ref_id3_event_type_system_type,event_type
event,idx_ref_id3_event_type_system_type,system_type
EventAnnotation,idx_EventId_EventTypeId,EventId
EventAnnotation,idx_EventId_EventTypeId,EventTypeId
EventAnnotation,idx_WorkflowInstanceInternalId,WorkflowInstanceInternalId
export_appraisal_info,ndx_export_appraisal_info,dataset_id
export_appraisal_info,ndx_export_appraisal_info,prop_val_yr
export_appraisal_info,ndx_export_appraisal_info,prop_id
export_appraisal_info,ndx_export_appraisal_info,sup_num
export_appraisal_info,ndx_export_appraisal_info,owner_id
export_appraisal_tax_area_totals,ndx_export_appraisal_tax_area_totals,dataset_id
export_appraisal_tax_area_totals,ndx_export_appraisal_tax_area_totals,year
export_appraisal_tax_area_totals,ndx_export_appraisal_tax_area_totals,sup_num
export_appraisal_tax_area_totals,ndx_export_appraisal_tax_area_totals,tax_area_number
fee,idx_fee_owner_id,owner_id
fee,idx_payment_group_id,payment_group_id
fee,idx_payout_agreement_id,payout_agreement_id
fee,idx_rollback_id,rollback_id
fee,idx_year_statement_id,year
fee,idx_year_statement_id,statement_id
fee_prop_assoc,idx_prop_id,prop_id
fin_ap_import_detail,idx_fin_import_id,fin_import_id
fin_coll_transaction_assoc,IDX_fin_coll_transaction_assoc_fin_transaction_id,fin_transaction_id
fin_coll_transaction_assoc,IDX_fin_coll_transaction_assoc_posted_transaction_id,posted_transaction_id
fin_transaction,idx_create_process_id,create_process_id
fin_transaction,IX_FinTransactions_AccountAndDate,fin_account_id
fin_transaction,IX_FinTransactions_AccountAndDate,transaction_date
freeze_ceiling_accept_supplement_group_run_detail,idx_action_indicator,action_indicator
freeze_ceiling_accept_supplement_group_run_detail,idx_report_sort_order,report_sort_order
freeze_ceiling_freeze_refreeze_run_detail,idx_action_indicator,action_indicator
freeze_ceiling_freeze_refreeze_run_detail,idx_report_sort_order,report_sort_order
freeze_ceiling_newly_approved_entity_freeze_ceiling_run_detail,idx_action_indicator,action_indicator
freeze_ceiling_newly_approved_entity_freeze_ceiling_run_detail,idx_report_sort_order,report_sort_order
freeze_ceiling_verification_run_detail,idx_action_indicator,action_indicator
freeze_ceiling_verification_run_detail,idx_report_sort_order,report_sort_order
fund,IDX_fund_fund_number,fund_number
gis_property_info,qgs__idx,prop_id
global_notification_excluded_users,idx_notification_id_pacs_user_id,notification_id
global_notification_excluded_users,idx_notification_id_pacs_user_id,pacs_user_id
import_payment,idx_prop_id,prop_id
imprv,idx_imprv_type_cd,imprv_type_cd
imprv,idx_prop_id,prop_id
imprv,idx_ref_id1,ref_id1
imprv,idx_sale_id,sale_id
imprv_adj,idx_prop_id,prop_id
imprv_attr,idx_prop_id,prop_id
imprv_det_adj,idx_imprv_adj_type_cd,imprv_adj_type_cd
imprv_det_adj,idx_prop_id,prop_id
imprv_det_type,idx_comp_sales_main_area_flag,comp_sales_main_area_flag
imprv_detail,idx_condition_cd,condition_cd
imprv_detail,idx_imprv_det_class_cd,imprv_det_class_cd
imprv_detail,idx_imprv_det_meth_cd,imprv_det_meth_cd
imprv_detail,idx_imprv_det_type_cd,imprv_det_type_cd
imprv_detail,idx_prop_id,prop_id
imprv_detail,idx_ref_id1,ref_id1
imprv_detail,idx_sale_id,sale_id
imprv_detail_rows_temp,idx_imprv_detail_rows_temp,row_num
imprv_entity_assoc,idx_prop_id,prop_id
imprv_exemption_assoc,idx_prop_id,prop_id
imprv_owner_assoc,idx_prop_id,prop_id
imprv_rows_temp,idx_imprv_rows_temp,row_num
imprv_sched,idx_imprv_det_class_cd,imprv_det_class_cd
imprv_sched,idx_imprv_det_meth_cd,imprv_det_meth_cd
imprv_sched,idx_imprv_det_type_cd,imprv_det_type_cd
imprv_sched,idx_imprv_sched_deprec_cd,imprv_sched_deprec_cd
imprv_sched,idx_imprv_sched_mult_local_quality_cd,imprv_sched_mult_local_quality_cd
imprv_sched,idx_imprv_sched_mult_quality_cd,imprv_sched_mult_quality_cd
imprv_sched,idx_imprv_sched_mult_section_cd,imprv_sched_mult_section_cd
income_improvement_level_detail,idx_income_yr_sup_num_prop_id,income_yr
income_improvement_level_detail,idx_income_yr_sup_num_prop_id,sup_num
income_improvement_level_detail,idx_income_yr_sup_num_prop_id,prop_id
income_imprv_assoc,idx_income_yr_sup_num_prop_id,income_yr
income_imprv_assoc,idx_income_yr_sup_num_prop_id,sup_num
income_imprv_assoc,idx_income_yr_sup_num_prop_id,prop_id
income_land_detail_assoc,idx_income_yr_sup_num_prop_id,income_yr
income_land_detail_assoc,idx_income_yr_sup_num_prop_id,sup_num
income_land_detail_assoc,idx_income_yr_sup_num_prop_id,prop_id
income_prop_assoc,idx_prop_id,prop_id
income_prop_assoc,idx_prop_val_yr_sup_num_prop_id,prop_val_yr
income_prop_assoc,idx_prop_val_yr_sup_num_prop_id,sup_num
income_prop_assoc,idx_prop_val_yr_sup_num_prop_id,prop_id
income_recalc_errors,idx_income_yr_sup_num_income_id,income_yr
income_recalc_errors,idx_income_yr_sup_num_income_id,sup_num
income_recalc_errors,idx_income_yr_sup_num_income_id,income_id
installment_agreement_letter_history,idx_create_dt,create_dt
installment_agreement_letter_history,idx_ia_id,ia_id
installment_agreement_letter_history,idx_letter_id,letter_id
installment_agreement_letter_history,idx_pacs_user_id,pacs_user_id
land_adj,idx_prop_id,prop_id
land_detail,idx_ag_use_cd,ag_use_cd
land_detail,idx_land_type_cd,land_type_cd
land_detail,idx_ls_ag_id,ls_ag_id
land_detail,idx_ls_mkt_id,ls_mkt_id
land_detail,idx_prop_id,prop_id
land_detail,idx_sale_id,sale_id
land_detail,idx_state_cd,state_cd
land_entity_assoc,idx_prop_id,prop_id
land_exemption_assoc,idx_prop_id,prop_id
land_owner_assoc,idx_prop_id,prop_id
land_sched,idx_ls_method,ls_method
land_sched_detail,idx_ls_id,ls_id
layer_operation_prop_assoc_list,idx_lGeneralRunID_lYear_From_lSupNum_From_lPropID_From,lGeneralRunID
layer_operation_prop_assoc_list,idx_lGeneralRunID_lYear_From_lSupNum_From_lPropID_From,lYear_From
layer_operation_prop_assoc_list,idx_lGeneralRunID_lYear_From_lSupNum_From_lPropID_From,lSupNum_From
layer_operation_prop_assoc_list,idx_lGeneralRunID_lYear_From_lSupNum_From_lPropID_From,lPropID_From
LEASEHOLD,FDO_Shape,Shape
levy_bill,idx_levy_bill_tax_area_id,tax_area_id
levy_bill_transaction_assoc,IDX_levy_bill_transaction_assoc_fund_id,fund_id
matrix,idx_matrix_yr_label,matrix_yr
matrix,idx_matrix_yr_label,label
meta_workflow_activity_publication,idx_activity_designcontext_guid,activity_designcontext_guid
mineral_entity_cv,idx_xref,xref
mineral_exemption_cv,idx_xref,xref
mineral_import_agent,idx_agent_code,agent_code
mineral_import_agent,idx_run_id,run_id
mineral_import_agent_capitol,idx_agent_code,agent_code
mineral_import_agent_capitol,idx_run_id,run_id
mineral_import_agent_data_pritchard_abbott,idx_run_id,run_id
mineral_import_agent_pritchard_abbott,idx_agent_number,agent_number
mineral_import_agent_pritchard_abbott,idx_run_id,run_id
mineral_import_agent_typickett,idx_agent_code,agent_code
mineral_import_agent_typickett,idx_run_id,run_id
mineral_import_agent_wardlaw,idx_agent_code,agent_code
mineral_import_agent_wardlaw,idx_run_id,run_id
mineral_import_capitol,idx_agent_code,agent_code
mineral_import_capitol,idx_run_id,run_id
mineral_import_data_pritchard_abbott,idx_run_id,run_id
mineral_import_entity,idx_entity_code,entity_code
mineral_import_entity,idx_entity_id,entity_id
mineral_import_entity,idx_run_id,run_id
mineral_import_entity,idx_xref,xref
mineral_import_exemption,idx_run_id,run_id
mineral_import_exemption,idx_xref,xref
mineral_import_owner,idx_owner_no,owner_no
mineral_import_owner,idx_run_id,run_id
mineral_import_pritchard_abbott,idx_agent_number,agent_number
mineral_import_pritchard_abbott,idx_run_id,run_id
mineral_import_property,idx_agent_code,agent_code
mineral_import_property,idx_geo_id,geo_id
mineral_import_property,idx_owner_no,owner_no
mineral_import_property,idx_run_id,run_id
mineral_import_property,idx_state_cd,state_cd
mineral_import_property,idx_xref,xref
mineral_import_special_entity_exemption,idx_entity_code,entity_code
mineral_import_special_entity_exemption,idx_entity_def,entity_def
mineral_import_special_entity_exemption,idx_entity_id,entity_id
mineral_import_special_entity_exemption,idx_run_id,run_id
mineral_import_special_entity_exemption,idx_xref,xref
mineral_import_status,idx_run_id,run_id
mineral_import_typickett,idx_run_id,run_id
mineral_import_typickett_L1,idx_run_id,run_id
mineral_import_typickett_L2,idx_run_id,run_id
mineral_import_typickett_O1,idx_agent,agent
mineral_import_typickett_O1,idx_run_id,run_id
mineral_import_typickett_R1,idx_run_id,run_id
mineral_import_typickett_S1,idx_run_id,run_id
mineral_import_utility_typickett,idx_run_id,run_id
mineral_import_utility_typickett_N,idx_run_id,run_id
mineral_import_utility_typickett_O1,idx_agent,agent
mineral_import_utility_typickett_O1,idx_run_id,run_id
mineral_import_wardlaw,idx_agent_code,agent_code
mineral_import_wardlaw,idx_run_id,run_id
mineral_owner_cv,idx_acct_id,acct_id
mineral_owner_cv,idx_owner_no_source,owner_no
mineral_owner_cv,idx_owner_no_source,source
mineral_property_cv,idx_prop_id_owner_id_prop_val_yr,prop_id
mineral_property_cv,idx_prop_id_owner_id_prop_val_yr,owner_id
mineral_property_cv,idx_prop_id_owner_id_prop_val_yr,prop_val_yr
mineral_property_cv,idx_xref,xref
mineral_sp_ent_ex_cv,idx_xref,xref
mortgage_assoc,idx_mortgage_co_id,mortgage_co_id
nbhd_cost_calc_capture_props,idx_chg_of_owner_id,chg_of_owner_id
nbhd_cost_calc_capture_props,idx_profile_run_list_detail_id,profile_run_list_detail_id
oa_mt_change_info,idx_dataset_id_current_account_id_chg_dt,current_account_id
oa_mt_change_info,idx_dataset_id_current_account_id_chg_dt,chg_dt
oa_mt_change_info,idx_dataset_id_current_account_id_chg_dt,dataset_id
overpayment_credit,idx_acct_id,acct_id
overpayment_credit,idx_prop_id,prop_id
owner,idx_owner_id,owner_id
owner,idx_prop_id,prop_id
pacs_image,idx_ref_id_ref_type_ref_year,ref_id
pacs_image,idx_ref_id_ref_type_ref_year,ref_type
pacs_image,idx_ref_id_ref_type_ref_year,ref_year
pacs_image,idx_ref_id1,ref_id1
pacs_image,idx_ref_id2,ref_id2
pacs_image,idx_ref_id3,ref_id3
PARCEL_2,FDO_Shape,Shape
PARCEL_3_20,FDO_Shape,Shape
PARCELS_ASSESSMENTS,FDO_Shape,Shape
PARCELSANDASSESS,FDO_Shape,Shape
payment,idx_payment_payee_id,payee_id
payment_transaction_assoc,idx_prop_id,prop_id
payment_transaction_assoc,idx_transaction_id,transaction_id
payment_transaction_assoc,idx_void_transaction_id,void_transaction_id
pending_coll_transaction,idx_trans_group_id,trans_group_id
penpad_checkout,idx_prop_id,prop_id
pers_prop,idx_prop_val_yr_prop_id,prop_val_yr
pers_prop,idx_prop_val_yr_prop_id,prop_id
pers_prop,idx_sic_cd,sic_cd
pers_prop_entity_assoc,idx_prop_id,prop_id
pers_prop_exemption_assoc,idx_prop_id,prop_id
pers_prop_owner_assoc,idx_prop_id,prop_id
pers_prop_seg,idx_pp_adj_cd,pp_adj_cd
pers_prop_seg,idx_pp_class_cd,pp_class_cd
pers_prop_seg,idx_pp_density_cd,pp_density_cd
pers_prop_seg,idx_pp_qual_cd,pp_qual_cd
pers_prop_seg,idx_pp_sched_cd,pp_sched_cd
pers_prop_seg,idx_pp_table_meth_cd,pp_table_meth_cd
pers_prop_seg,idx_pp_type_cd,pp_type_cd
pers_prop_seg,idx_prop_id,prop_id
pers_prop_sub_seg,idx_prop_id,prop_id
phone,idx_acct_id_phone_type_cd_phone_num,acct_id
phone,idx_acct_id_phone_type_cd_phone_num,phone_type_cd
phone,idx_acct_id_phone_type_cd_phone_num,phone_num
phone,idx_phone_type_cd,phone_type_cd
pictometry_images,idx_prop_id,prop_id
posted_coll_transaction,idx_effective_date,effective_date
posted_coll_transaction,IDX_posted_coll_transaction_transaction_id,transaction_id
posted_coll_transaction,idx_recorded_date,recorded_date
posted_coll_transaction,idx_trans_group_id,trans_group_id
pp_rendition_prop_penalty,idx_prop_id,prop_id
pp_rendition_prop_penalty_distribution,idx_prop_id,prop_id
pp_rendition_tracking,idx_prop_id,prop_id
pp_seg_sched_assoc,idx_prop_id,prop_id
prelim_prop_owner_entity_val,idx_prop_id,prop_id
prelim_property_entity_exemption,idx_prop_id,prop_id
prelim_property_owner_entity_cad_state_cd,idx_prop_id,prop_id
prelim_property_owner_entity_state_cd,idx_prop_id,prop_id
prelim_property_val,idx_prop_id,prop_id
profile_run_list_options,idx_run_id_option_type_option_id,run_id
profile_run_list_options,idx_run_id_option_type_option_id,option_type
profile_run_list_options,idx_run_id_option_type_option_id,option_id
profile_type_desc,idx_code_type_appraiser_id,code
profile_type_desc,idx_code_type_appraiser_id,type
profile_type_desc,idx_code_type_appraiser_id,appraiser_id
prop_building_permit_assoc,idx_bldg_permit_id,bldg_permit_id
prop_characteristic_assoc,idx_sale_id,sale_id
prop_event_assoc,idx_event_id,event_id
prop_owner_entity_val,idx_prop_id,prop_id
prop_recalc_errors,idx_income_id,income_id
prop_recalc_errors,idx_prop_id,prop_id
prop_recalc_errors,idx_sup_yr_sup_num_prop_id,sup_yr
prop_recalc_errors,idx_sup_yr_sup_num_prop_id,sup_num
prop_recalc_errors,idx_sup_yr_sup_num_prop_id,prop_id
prop_supp_assoc,idx_prop_id,prop_id
property,idx_geo_id,geo_id
property,idx_penpad_run_id,penpad_run_id
property,idx_prop_type_cd,prop_type_cd
property,idx_reference_flag,reference_flag
property_entity_exemption,idx_exmpt_type_cd,exmpt_type_cd
property_entity_exemption,idx_prop_id,prop_id
property_exemption,idx_exmpt_type_cd,exmpt_type_cd
property_exemption,idx_prop_id,prop_id
property_exemption,idx_prop_type_cd,prop_type_cd
property_freeze,idx_prop_id,prop_id
property_owner_entity_cad_state_cd,idx_prop_id,prop_id
property_owner_entity_cad_state_cd,idx_state_cd,state_cd
property_owner_entity_state_cd,idx_prop_id,prop_id
property_owner_entity_state_cd,idx_state_cd,state_cd
property_profile,idx_abs_subdv,abs_subdv
property_profile,idx_city_id,city_id
property_profile,idx_class_cd,class_cd
property_profile,idx_class_cd_highvalueimprov,class_cd_highvalueimprov
property_profile,idx_condition_cd,condition_cd
property_profile,idx_imprv_det_sub_class_cd,imprv_det_sub_class_cd
property_profile,idx_imprv_det_sub_class_cd_highvalueimprov,imprv_det_sub_class_cd_highvalueimprov
property_profile,idx_imprv_type_cd,imprv_type_cd
property_profile,idx_living_area,living_area
property_profile,idx_living_area_highvalueimprov,living_area_highvalueimprov
property_profile,idx_neighborhood,neighborhood
property_profile,idx_prop_id,prop_id
property_profile,idx_school_id,school_id
property_profile,idx_state_cd,state_cd
property_profile,idx_yr_blt,yr_blt
property_special_assessment,idx_year_agency_id,year
property_special_assessment,idx_year_agency_id,agency_id
property_special_entity_exemption,idx_prop_id,prop_id
property_special_entity_exemption,idx_sp_value_type,sp_value_type
property_tax_area,IX_PropID_property_tax_area,prop_id
property_val,idx_abs_subdv_cd,abs_subdv_cd
property_val,idx_appr_method,appr_method
property_val,idx_hood_cd,hood_cd
property_val,idx_imprv_val,imprv_val
property_val,idx_last_appraiser_id,last_appraiser_id
property_val,idx_map_id,map_id
property_val,idx_mbl_hm_park,mbl_hm_park
property_val,idx_next_appraisal_dt,next_appraisal_dt
property_val,idx_prev_sup_num,prev_sup_num
property_val,idx_prop_id,prop_id
property_val,idx_property_use_cd,property_use_cd
property_val,idx_rgn_cd,rgn_cd
property_val,idx_sub_market_cd,sub_market_cd
property_val,idx_subset_cd,subset_cd
property_val,idx_udi_parent,udi_parent
property_val,idx_udi_parent_prop_id,udi_parent_prop_id
property_val,idx_visibility_access_cd,visibility_access_cd
property_val,qgs__idx,prop_id
property_val_cad_state_cd,idx_prop_id,prop_id
property_val_rows_temp,idx_property_val_rows_temp,row_num
property_val_state_cd,idx_prop_id,prop_id
ptd_sale_submission_export,idx_pacs_user_id_chg_of_owner_id,pacs_user_id
ptd_sale_submission_export,idx_pacs_user_id_chg_of_owner_id,chg_of_owner_id
ptd_supp_assoc,idx_prop_id_sup_num_sup_yr,prop_id
ptd_supp_assoc,idx_prop_id_sup_num_sup_yr,sup_num
ptd_supp_assoc,idx_prop_id_sup_num_sup_yr,sup_yr
ptd_supp_assoc,idx_sup_num,sup_num
ptd_supp_assoc,idx_sup_yr,sup_yr
query_builder_query,idx_lPacsUserID,lPacsUserID
recalc_trace_imprv,idx_prop_id_prop_val_yr_sup_num,prop_id
recalc_trace_imprv,idx_prop_id_prop_val_yr_sup_num,prop_val_yr
recalc_trace_imprv,idx_prop_id_prop_val_yr_sup_num,sup_num
reet_fee_assoc,idx_fee_id,fee_id
reet_rate,idx_reet_rate_id_tax_district_id,reet_rate_id
reet_rate,idx_reet_rate_id_tax_district_id,tax_district_id
RemovedActivity,idx_WorkflowInstanceEventId,WorkflowInstanceEventId
RemovedActivity,idx_WorkflowInstanceInternalId,WorkflowInstanceInternalId
rendition,idx_prop_id,prop_id
sale,idx_sl_adj_cd,sl_adj_cd
sale,idx_sl_dt,sl_dt
sale,idx_sl_financing_cd,sl_financing_cd
sale,idx_sl_ratio_type_cd,sl_ratio_type_cd
sale,idx_sl_type_cd,sl_type_cd
sale_conf,idx_buyer_conf_lvl_cd,buyer_conf_lvl_cd
sale_conf,idx_seller_conf_lvl_cd,seller_conf_lvl_cd
sale_feature,idx_sl_feature_cd,sl_feature_cd
sales_ratio_report_params,idx_pacs_user_id_report_name_report_type,report_name
sales_ratio_report_params,idx_pacs_user_id_report_name_report_type,report_type
sales_ratio_report_params,idx_pacs_user_id_report_name_report_type,pacs_user_id
seller_assoc,idx_prop_id,prop_id
shared_prop,idx_pacs_prop_id,pacs_prop_id
shared_prop,idx_shared_year_shared_cad_code_shared_prop_id,shared_year
shared_prop,idx_shared_year_shared_cad_code_shared_prop_id,shared_cad_code
shared_prop,idx_shared_year_shared_cad_code_shared_prop_id,shared_prop_id
shared_prop_value,idx_pacs_prop_id,pacs_prop_id
situs,idx_situs_city,situs_city
situs,idx_situs_num,situs_num
situs,idx_situs_street,situs_street
split_into,idx_child_id,child_id
split_merge_prop_assoc,idx_prop_id,prop_id
supplement,idx_sup_group_id,sup_group_id
tax_area_fund_assoc,idx_year_tax_area_id,year
tax_area_fund_assoc,idx_year_tax_area_id,tax_area_id
tax_due_calc_bill,idx_dataset_id_year_statement_id,dataset_id
tax_due_calc_bill,idx_dataset_id_year_statement_id,year
tax_due_calc_bill,idx_dataset_id_year_statement_id,statement_id
tax_due_calc_fee,idx_dataset_id_year_statement_id,dataset_id
tax_due_calc_fee,idx_dataset_id_year_statement_id,year
tax_due_calc_fee,idx_dataset_id_year_statement_id,statement_id
tax_rate,idx_tax_rate_yr,tax_rate_yr
tender,idx_payment_id,payment_id
TrackingDataItem,idx_WorkflowInstanceInternalId_EventId_EventTypeId,WorkflowInstanceInternalId
TrackingDataItem,idx_WorkflowInstanceInternalId_EventId_EventTypeId,EventId
TrackingDataItem,idx_WorkflowInstanceInternalId_EventId_EventTypeId,EventTypeId
TrackingDataItemAnnotation,idx_TrackingDataItemId,TrackingDataItemId
TrackingDataItemAnnotation,idx_WorkflowInstanceInternalId,WorkflowInstanceInternalId
trans_group,idx_mrtransid_adj,mrtransid_adj
trans_group,idx_mrtransid_opc,mrtransid_opc
trans_group,idx_mrtransid_pay,mrtransid_pay
transfer_tax_stmnt,idx_event_id,event_id
transfer_tax_stmnt,idx_levy_group_id_levy_group_yr_levy_run_id_prop_type_cd_prop_id_owner_id_sup_num_sup_tax_yr_stmnt_id,levy_group_id
transfer_tax_stmnt,idx_levy_group_id_levy_group_yr_levy_run_id_prop_type_cd_prop_id_owner_id_sup_num_sup_tax_yr_stmnt_id,levy_group_yr
transfer_tax_stmnt,idx_levy_group_id_levy_group_yr_levy_run_id_prop_type_cd_prop_id_owner_id_sup_num_sup_tax_yr_stmnt_id,levy_run_id
transfer_tax_stmnt,idx_levy_group_id_levy_group_yr_levy_run_id_prop_type_cd_prop_id_owner_id_sup_num_sup_tax_yr_stmnt_id,prop_type_cd
transfer_tax_stmnt,idx_levy_group_id_levy_group_yr_levy_run_id_prop_type_cd_prop_id_owner_id_sup_num_sup_tax_yr_stmnt_id,prop_id
transfer_tax_stmnt,idx_levy_group_id_levy_group_yr_levy_run_id_prop_type_cd_prop_id_owner_id_sup_num_sup_tax_yr_stmnt_id,owner_id
transfer_tax_stmnt,idx_levy_group_id_levy_group_yr_levy_run_id_prop_type_cd_prop_id_owner_id_sup_num_sup_tax_yr_stmnt_id,sup_num
transfer_tax_stmnt,idx_levy_group_id_levy_group_yr_levy_run_id_prop_type_cd_prop_id_owner_id_sup_num_sup_tax_yr_stmnt_id,sup_tax_yr
transfer_tax_stmnt,idx_levy_group_id_levy_group_yr_levy_run_id_prop_type_cd_prop_id_owner_id_sup_num_sup_tax_yr_stmnt_id,stmnt_id
transfer_tax_stmnt,idx_levy_group_yr,levy_group_yr
transfer_tax_stmnt,idx_levy_run_id,levy_run_id
transfer_tax_stmnt,idx_owner_id,owner_id
transfer_tax_stmnt,idx_prop_id,prop_id
transfer_tax_stmnt,idx_prop_type_cd,prop_type_cd
transfer_tax_stmnt,idx_stmnt_id,stmnt_id
transfer_tax_stmnt,idx_sup_num,sup_num
transfer_tax_stmnt,idx_sup_tax_yr,sup_tax_yr
UserEvent,idx_WorkflowInstanceInternalId,WorkflowInstanceInternalId
vit_sales,idx_prop_id,prop_id
wa_tax_statement,idx_prop_id,prop_id
wa_tax_statement_current_run,idx_prop_id,prop_id
wa_tax_statement_levy_display,idx_run_id,run_id
wa_tax_statement_levy_display_current_run,idx_run_id,run_id
wash_appraisal_notice_prop_info,idx_prop_id_notice_year,prop_id
wash_appraisal_notice_prop_info,idx_prop_id_notice_year,notice_year
wash_prop_owner_val,idx_prop_id,prop_id
workflow_activity_user_assignment_queue,idx_activity_instance_guid,activity_instance_guid
WorkflowInstance,idx_WorkflowInstanceId_ContextGuid,WorkflowInstanceId
WorkflowInstance,idx_WorkflowInstanceId_ContextGuid,ContextGuid
WorkflowInstanceEvent,idx_WorkflowInstanceInternalId,WorkflowInstanceInternalId
WR_PERMITS,FDO_Shape,Shape
